array_len,CPU_Seq,CPU_OMP,GPU_CUDA
100,3.27606e-05,3.1271799999999994e-05,8.2496e-06
1000,0.0005129984,9.988999999999999e-06,8.8e-06
10000,0.0028754024,5.16596e-05,1.4643199999999999e-05
100000,0.028667928,2.96804e-05,4.0895999999999996e-05
1000000,0.2865866199999999,0.00023069100000000002,0.0004240448
10000000,2.8691158,0.0017697956,0.00410016
